word,value
consulting,6766.589366380921
productmanagement,5180.328429762488
agile,4710.866391368856
informationsecurity,4004.0446238214704
businessintelligence,3794.4223789730067
stakeholdermanagement,3755.2849852613313
decisionmaking,3584.2528777404377
ssas,3391.700653512497
outlook,3060.436187996518
javascript,3019.8607703243715
visio,2696.948246710112
datascience,2685.4001648975063
datamanagement,2615.716081335081
retail,2327.959229683984
statistics,2318.9165113422164
analytics,2149.618148265696
marketing,2096.600830300125
unix,2064.663239282318
databases,1945.60789534428
dataanalysis,1932.2833761919987
production,1771.8216796028887
aws,1472.114257376717
oracle,1463.5319453008167
pyspark,1329.473579244312
ssis,1166.9555742732064
criticalthinking,1128.8409667668152
sap,991.8554476416806
presentation,975.7519644984595
sas,833.5857297535568
word,716.7111806887572
attention,714.8508221589426
matlab,707.4011504705779
salesforce,681.515333852583
problemsolving,652.6660686687239
interpretation,566.0202001025008
organizational,543.5170661216524
vba,503.5700221604868
timemanagement,484.4767023613266
leadership,418.45081919287554
googledatastudio,406.0342165973493
projectmanagement,381.7210318973151
perl,348.1739802911921
reimbursementaccessenvironment,320.40185504732347
stata,278.5079636128132
teamwork,259.409628695897
research,199.01698775974864
r,181.847189875353
spss,160.5596978438641
visualization,145.27324886364363
tableau,136.57818574625463
quantitativeresearch,120.83404024618466
planning,118.14206625001532
gis,106.96981982231141
excel,67.45655558781785
communication,60.26305474599231
interpersonal,53.20263883240098
python,51.294926283737624
sql,34.55034326514464
hadoop,0.0
